<meta>
    <info author="Master_MTA" name="DXLib" version="0.2" type="misc"/>
	<script src='core/variable.lua' type='client' chace='false'/>

	<script src='elements/window.lua' type='client' chace='false'/>
	<script src='elements/button.lua' type='client' chace='false'/>
	<script src='elements/editbox.lua' type='client' chace='false'/>
	<script src='elements/memo.lua' type='client' chace='false'/>
	<script src='elements/label.lua' type='client' chace='false'/>
	<script src='elements/checkbox.lua' type='client' chace='false'/>
	<script src='elements/gridlist.lua' type='client' chace='false'/>
	<script src='elements/scrollbar.lua' type='client' chace='false'/>
	<script src='elements/progressbar.lua' type='client' chace='false'/>
	<script src='elements/radiobutton.lua' type='client' chace='false'/>
	<script src='elements/image.lua' type='client' chace='false'/>
	<script src='elements/tabpanel.lua' type='client' chace='false'/>
	<script src='core/events.lua' type='client' chace='false'/>
	<script src='core/usefulfunctions.lua' type='client' chace='false'/>
	<script src='core/client.lua' type='client' chace='false'/>
	<script src='core/client2.lua' type='client' chace='false'/>
	<script src='update/update.lua' type='server' />
	<min_mta_version server="1.5.4-9.11342" />
	<min_mta_version client="1.5.4-9.11342" />

	
	<!--&Add Your Styles Here-->
	<export function="dxCreateWindow" type="client" />
	<export function="dxCreateButton" type="client" />
	<export function="dxCreateTabPanel" type="client" />
	<export function="dxCreateTab" type="client" />
	<export function="dxCreateCheckBox" type="client" />
	<export function="dxCreateMemo" type="client" />
	<export function="dxCreateLabel" type="client" />
	<export function="dxCreateGridList" type="client" />
	<export function="dxCreateEdit" type="client" />
	<export function="dxCreateProgressBar" type="client" />
	<export function="dxCreateRadioButton" type="client" />
	<export function="dxCreateScrollBar" type="client" />
	<export function="dxCreateImage" type="client" />
	<export function="dxSetVisible" type="client" />
	<export function="dxGetVisible" type="client" />
	<export function="dxGetText" type="client" />
	<export function="dxWindowIsMovable" type="client" />
	<export function="dxWindowSetMovable" type="client" />
	<export function="dxSetText" type="client" />
	<export function="dxSetPosition" type="client" />
	<export function="dxGetPosition" type="client" />
	<export function="dxSetSize" type="client" />
	<export function="dxGetSize" type="client" />
	<export function="dxLabelGetColor" type="client" />
	<export function="dxLabelSetColor" type="client" />
	<export function="dxLabelSetHorizontalAlign" type="client" />
	<export function="dxLabelSetVerticalAlign" type="client" />
	<export function="dxProgressBarSetProgress" type="client" />
	<export function="dxProgressBarGetProgress" type="client" />
	<export function="dxProgressBarSetText" type="client" />
	<export function="dxRadioButtonGetSelected" type="client" />
	<export function="dxRadioButtonSetSelected" type="client" />
	<export function="dxGridListAddColumn" type="client" />
	<export function="dxGridListGetUnVisibleRowCount" type="client" />
	<export function="dxGridListGetSelectedItem" type="client" />
	<export function="dxGridListSetSelectedItem" type="client" />
	<export function="dxGridListGetItemText" type="client" />
	<export function="dxGridListAddRow" type="client" />
	<export function="dxGridListGetColumnWidth" type="client" />
	<export function="dxGridListSetItemText" type="client" />
	<export function="dxGridClear" type="client" />
	<export function="dxCheckBoxGetSelected" type="client" />
	<export function="dxCheckBoxSetSelected" type="client" />
	<export function="destroy" type="client" />
	
	<min_mta_version client="1.3.0-9.04431" server="1.3.0-9.04431" />
	<oop>true</oop>
	<download_priority_group>999</download_priority_group>
</meta>